{

     "item1" : {
        "P": 3.15,
        "u": 0.0,
        "weight": 43.5
      },
      
     "item2" :
      {
        "P": 4.156,
        "u": 465.0,
        "weight": 137.5
      },
      
    "item3" :
      {
        "P": -3.0305890e+4,
        "u": 1.0305890e-1,
        "weight": -3.0305890e+5
      }
}
